Report Date,Case Number,Date Occurred,Time Occurred,Location,Report Classification,Disposition,Severity
12/2/2025,C25-1588,12/1/25-12/2/25,15:30-10:11,598 Tercero Hall Dr,Vandalism: Hate Crime Anti Racial,Suspended. No leads,7.0
12/2/2025,C25-1589,12/2/2025,11:32,355 Howard Way,Vehicle Collision,Closed. No further action,1.0
12/2/2025,C25-1590,12/2/2025,14:24,200 Atrium Way,Bicycle Collision,Closed. No further action,1.0
12/2/2025,C25-1591,12/2/2025,15:09,1029 La Rue Rd,MSR - Suspicious Circumstances,Closed. No further action,1.0
12/2/2025,C25-1592,11/27/25-12/2/25,15:43-20:09,One Shields Ave,MSR - Suspicious Circumstances,Closed. No further action,1.0
12/2/2025,C25-1593,12/1/25-12/2/25,16:30-11:50,637 La Rue Rd,Stolen Vehicle - Other,Closed. Prosecution declined,4.0
12/2/2025,M25-0764,12/2/2025,2:14-4:17,2315 Stockton Blvd,MSR - Receive Firearm Parts,Closed. No further action,1.0
12/2/2025,M25-0765,12/2/2025,8:00-8:44,2315 Stockton Blvd,MSR - Assist Hospital Staff,Closed. No further action,1.0
12/2/2025,M25-0766,12/1/25-12/2/25,15:30-11:43,4625 2nd Ave,MSR - Suspicious Circumstances,Closed. No further action,1.0
12/2/2025,OLN25-0365,11/25/25-11/30/25,14:00-14:00,1029 La Rue Rd,Theft of a Bicycle,Suspended. No leads,3.0
12/2/2025,OLN25-0366,11/26/25-12/1/25,10:00-10:00,5017 Orchard Park Cir,Theft of a Bicycle,Suspended. No leads,3.0
12/1/2025,C25-1580,11/26/25-12/1/25,12:00-8:00,415 Sprocket Bikeway,Burglary,Suspended. No leads,5.0
12/1/2025,C25-1581,12/1/2025,9:50-11:33,Levee Rd/Jeo Equine Ln,Receive Stolen Property,Cleared by Arrest,4.0
12/1/2025,C25-1582,11/26/25-11/30/25,15:00-17:00,1081 La Rue Rd,Theft of a Bicycle,Suspended. No leads,3.0
12/1/2025,C25-1583,12/1/2025,11:20,300 Shields Ave,Bicycle Collision,Closed. No further action,1.0
12/1/2025,C25-1584,11/25/25-11/30/25,19:00-22:00,565 Oxford Cir,Theft of a Bicycle,Suspended. No leads,3.0
12/1/2025,C25-1585,12/1/2025,13:04,1010 Olive Dr,Possess Controlled Substance/Possess Paraphernalia/Warrant,Cleared by Arrest,5.0
12/1/2025,C25-1586,12/1/2025,23:13,100 W Quad Bikeway,Warrant,Cleared. Subject Cited,5.0
12/1/2025,C25-1587,12/1/25-12/2/25,23:27-1:51,686 Tercero Hall Dr,MSR - Medical Aid,Closed. No further action,1.0
12/1/2025,M25-0762,12/1/2025,1:10-2:30,Stockton Blvd/Colonial Way,MSR - Suspicious Circumstances,Closed. No further action,1.0
12/1/2025,M25-0763,12/1/2025,1:42,2315 Stockton Blvd,MSR - Assist Hospital Staff,Closed. No further action,1.0
12/1/2025,OLN25-0364,11/29/25-11/30/25,17:00-19:00,648 Tercero Hall Cir,Theft of a Bicycle,Suspended. No leads,3.0
11/30/2025,C25-1578,11/30/2025,1:14,200 Bioletti Way,Vandalism Vandalism: Hate Crime Anti Racial,Suspended. No leads,7.0
11/30/2025,C25-1579,11/29/25-11/23/25,15:30-8:30,1059 La Rue Rd,Vandalism Vandalism: Hate Crime Anti Racial,Suspended. No leads,7.0
11/30/2025,M25-0758,11/30/2025,11:59,2315 Stockton Blvd,Possess Paraphernalia,Closed. Prosecution declined,5.0
11/30/2025,M25-0759,11/30/2025,13:40-14:05,2315 Stockton Blvd,Possess Paraphernalia,Closed. Prosecution declined,5.0
11/30/2025,M25-0760,11/30/2025,18:51-20:32,Stockton Blvd/X St,MSR - Medical Aid,Closed. No further action,1.0
11/30/2025,M25-0761,11/30/2025,21:39,2315 Stockton Blvd,Possess Controlled Substance,Closed. Prosecution declined,5.0
11/29/2025,C25-1577,11/29/2025,19:48-23:08,173 Old Davis Rd,MSR - Restraining Orders Served,Closed. No further action,1.0
11/29/2025,M25-0756,11/29/2025,4:00,2315 Stockton Blvd,Simple Assault,Closed. Prosecution declined,6.0
11/29/2025,M25-0757,11/29/2025,16:27-16:45,4301 X St,MSR - Missing Person Report,Closed. No further action,1.0
11/28/2025,C25-1575,11/27/25-11/28/25,18:00-08:30,1059 La Rue Rd,Theft of a Bicycle,Suspended. No leads,3.0
11/28/2025,C25-1576,11/28/2025,09:33:-9:59,400 Howard Way,MSR-Found Property Stolen out of City of Davis,Closed. Refer to Other Agency,1.0
11/28/2025,M25-0752,11/28/2025,05:51-06:30,2315 Stockton Blvd,Tamper with a Fire Alarm,Cleared by Arrest,3.0
11/28/2025,M25-0753,,,,CASE NUMBER PULLED IN ERROR,,
11/28/2025,M25-0754,11/28/2025,13:31-13:40,2315 Stockton Blvd,Possess Narcotics,Closed. Prosecution declined,5.0
11/28/2025,M25-0755,11/28/25-11/29/25,23:57-00:00,2315 Stockton Blvd,Assault & Battery,Closed. Prosecution declined,7.0
11/27/2025,C25-1573,11/23/25-11/26/25,14:00-21:00,187 Mint St,Tamper with a Motor Vehicle,Suspended. No leads,3.0
11/27/2025,C25-1574,11/21/25-11/27/25,09:00-12:00,200 E Quad,Theft of a Bicycle,Suspended. No leads,3.0
11/26/2025,C25-1571,11/25/25-11/26/25,18:00-09:34,5014 Orchard Park Cir,Theft of a Bicycle,Suspended. No leads,3.0
11/26/2025,C25-1572,11/26/2025,15:00-19:40,337 Bioletti Way,Stolen Vehicle - Other,Suspended. No leads,4.0
11/26/2025,M25-0749,11/26/2025,5:51,2315 Stockton Blvd,Possess Controlled Substance,Closed. Prosecution declined,5.0
11/26/2025,M25-0750,11/26/2025,00:00-14:19,2315 Stockton Blvd,MSR-Assist Hospital Patient,Closed. No further action,1.0
11/26/2025,M25-0751,11/26/2025,23:35-23:45,2315 Stockton Blvd,MSR-Marijuana for Destruction,Closed. No further action,1.0
11/26/2025,OLN25-0363,11/23/25-11/26/25,13:00-09:00,5013 Orchard Park Cir,Theft from a Building,Suspended. No leads,4.0
11/25/2025,C25-1568,11/25/2025,14:00,1200 Veterinary Medicine Mall,MSR - Suspicious Circumstances,Closed. No further action,1.0
11/25/2025,C25-1569,11/25/2025,10:30-15:00,637 La Rue Rd,Stolen Vehicle - Other,Suspended. No leads,4.0
11/25/2025,C25-1570,11/15/25-11/25/25,22:57-10:00,541 Oxford Cir,Fraud,Suspended. No leads,4.0
11/25/2025,M25-0745,11/25/2025,9:05-10:33,4251 X St,MSR - Vehicle Tow,Closed. No further action,1.0
11/25/2025,M25-0746,11/22/2025,19:30,2315 Stockton Blvd,Simple Assault,Suspended. No leads,6.0
11/25/2025,M25-0747,11/25/2025,13:00-14:42,2315 Stockton Blvd,Aggravated Assault,Closed. Prosecution declined,7.0
11/25/2025,M25-0748,11/25/25-11/26/25,23:29-0:29,2315 Stockton Blvd,MSR - Medical Aid,Closed. No further action,1.0
11/25/2025,OLN25-0361,9/25/25-11/24/25,0:01-23:59,565 Oxford Cir,MSR - CSA Report: Allegation of Fondling/Rape,Closed. No further action,10.0
11/25/2025,OLN25-0362,11/24/25-11/25/25,15:30-10:30,187 Mint St,Theft of Vehicle Parts & Accessories,Suspended. No leads,4.0
11/24/2025,C25-1560,11/21/25-11/24/25,8:00-7:00,950 Old Davis Rd,Vandalism,Suspended. No leads,3.0
11/24/2025,C25-1561,11/21/25-11/24/25,12:00-7:00,434 Dairy Rd,Theft of a Bicycle,Suspended. No leads,3.0
11/24/2025,C25-1562,11/24/2025,10:00,171 Hutchison Dr,Bicycle Collision,Closed. No further action,1.0
11/24/2025,C25-1563,9/8/2025,7:00-12:00,5016 Orchard Park Cir,Forcible Fondling,Open/Active,9.0
11/24/2025,C25-1564,,,,CASE NUMBER PULLED IN ERROR,,
11/24/2025,C25-1565,11/24/2025,19:15,760 Orchard Rd,Simple Assault,Suspended. No leads,6.0
11/24/2025,C25-1566,,,,CASE NUMBER PULLED IN ERROR,,
11/24/2025,C25-1567,11/24/2025,22:18-22:40,620 Tercero Hall Dr,MSR - Alcohol Poisoning,Closed. No further action,1.0
11/24/2025,M25-0744,11/24/2025,15:40-17:15,2315 Stockton Blvd,Indecent Exposure,Closed. Refer to District Attorney,7.0
11/23/2025,C25-1556,11/23/2025,0:50,154 Orchard Park Dr,MSR - Alcohol Poisoning,Closed. No further action,1.0
11/23/2025,C25-1557,11/23/2025,1:18,1029 La Rue Rd,MSR - Alcohol Poisoning,Closed. No further action,1.0
11/23/2025,C25-1558,11/21/25-11/22/25,15:00-13:00,1029 La Rue Rd,Theft of a Bicycle,Closed. Prosecution declined,3.0
11/23/2025,C25-1559,UNKNOWN,UNKNOWN,UNKNOWN,UNKNOWN,UNKNOWN,
11/23/2025,M25-0739,11/23/2025,16:00,4422 Y Street,Simple Assault,Closed. Refer to District Attorney,6.0
11/23/2025,M25-0740,UNKNOWN,UNKNOWN,UNKNOWN,UNKNOWN,UNKNOWN,
11/23/2025,M25-0741,11/23/2025,18:27,2315 Stockton Blvd,Simple Assault,Closed. Refer to District Attorney,6.0
11/23/2025,M25-0742,11/23/2025,19:04-20:40,2315 Stockton Blvd,Simple Assault,Closed. Refer to District Attorney,6.0
11/23/2025,M25-0743,11/23/2025,20:54-22:13,2315 Stockton Blvd,MSR - Assist Another Agency,Closed. No further action,1.0
11/23/2025,OLN25-0359,11/21/25-11/22/25,23:00-19:45,584 Tercero Hall Cir,Theft of a Bicycle,Suspended. No leads,3.0
11/23/2025,OLN25-0360,11/22/2025,13:50-16:00,222 Physical Sciences Mall,Theft of a Bicycle,Suspended. No leads,3.0
11/22/2025,C25-1553,11/22/2025,2:11-3:04,1944 Anderson Rd,MSR - Assist Another Agency,Closed. No further action,1.0
11/22/2025,C25-1554,11/22/2025,13:41,858 La Rue Rd,MSR - Alcohol Poisoning,Closed. No further action,1.0
11/22/2025,C25-1555,11/22/2025,19:25-20:38,W Covell Blvd/Hwy 113,Fail to Stop/DUI-Alcohol,Closed. Refer to District Attorney Cleared. Subject cited,6.0
11/22/2025,M25-0738,11/22/2025,12:21,2315 Stockton Blvd,Simple Assault,Cleared by Arrest,6.0
11/21/2025,C25-1550,11/21/2025,14:29,141 Physical Sciences Mall,Bicycle Collision,Closed. No further action,1.0
11/21/2025,C25-1551,11/21/2025,12:00-22:40,1059 LaRue Rd,Stolen Vehicle - Other,Suspended. No leads,4.0
11/21/2025,C25-1552,11/21/2025,22:57,565 Oxford Cir,MSR - Alcohol Poisoning,Closed. No further action,1.0
11/21/2025,M25-0736,11/21/2025,11:45,2315 Stockton Blvd,MSR - Notice of Withdrawal from Property Issued,Closed. No further action,1.0
11/21/2025,M25-0737,11/21/2025,8:15-21:02,4611 Broadway,Vandalism/Tamper with Vehicle,Suspended. No leads,3.0
11/21/2025,OLN25-0358,09/25/25-11/20/25,0:01-23:59,One Shields Ave,MSR - CSA Report: Allegation of Rape,Closed. No further action,10.0
11/20/2025,C25-1543,11/20/2025,0:20,565 Oxford Cir,MSR - Medical Aid,Closed. No further action,1.0
11/20/2025,C25-1544,11/18/2025,5:00-11:00,565 Regan Hall Cir,Stolen Vehicle - Other,Suspended. No leads,4.0
11/20/2025,C25-1545,11/20/2025,12:27,420 California Ave,MSR - Suspicious Circumstances,Closed. No further action,1.0
11/20/2025,C25-1546,10/10/25-11/20/25,19:45-11:00,664 Tercero Hall Dr,Fraud,Suspended. No leads,4.0
11/20/2025,C25-1547,11/20/2025,16:48-17:30,301 Celadon St,Theft - All Other,Open/Active,4.0
11/20/2025,C25-1548,12/2/2024,0:00-23:59,434 Dairy Rd,MSR - Allegations of Assault,Closed. Cleared by Another Agency,1.0
11/20/2025,C25-1549,11/20/2025,23:12,637 La Rue Rd,Tamper with a Fire Alarm,Suspended. No leads,3.0
11/21/2025,M25-0735,11/20/2025,13:45-14:45,4200 V St,Possess Tear Gas by a Fellon,Closed. Prosecution declined,7.0
11/20/2025,OLN25-0357,11/5/2025,14:00-15:00,482 Hutchison Dr,Theft from a Building,Suspended. No leads,4.0
11/19/2025,C25-1539,11/19/2025,11:11,480 Sprocket Bikeway,Bicycle Collision,Closed. No further action,1.0
11/19/2025,C25-1540,11/19/2025,14:07,625 Kleiber Hall Dr,Vehicle Collision,Closed. No further action,1.0
11/19/2025,C25-1541,11/19/2025,16:45-20:30,240 Hutchison Dr,Stolen Vehicle - Other,Suspended. No leads,4.0
11/19/2025,C25-1542,11/17/25-11/18/25,23:00-8:50,1079 La Rue Rd,Stolen Vehicle - Other,Suspended. No leads,4.0
11/19/2025,OLN25-0354,11/14/25-11/17/25,0:00-11:16,1538 Jade St,Theft of a Bicycle,Suspended. No leads,3.0
11/19/2025,OLN25-0355,1/6/25-11/17/25,0:01-23:59,460 Howard Way,MSR - CSA Report: Allegation of Stalking,Closed. No further action,7.0
11/19/2025,OLN25-0356,11/14/2025,21:00,One Shields Ave,MSR - CSA Report: Allegation of Rape,Closed. No further action,10.0
11/18/2025,C25-1537,11/17/25-11/18/25,12:00-16:00,1655 Hutchison Pl,Attempted Theft of a Bicycle,Suspended. No leads,3.0
11/18/2025,C25-1538,11/18/2025,14:15-19:18,100 W Quad Bikeway,Stolen Vehicle - Other,Suspended. No leads,4.0
11/18/2025,M25-0732,11/17/2025,6:30-18:00,2551 Stockton Blvd,MSR - Suspicious Circumstances,Closed. No further action,1.0
11/18/2025,M25-0733,11/18/2025,9:05-10:01,2315 Stockton Blvd,MSR - Assist Hospital Staff,Closed. No further action,1.0
11/18/2025,M25-0734,11/18/2025,16:25-16:57,2315 Stockton Blvd,MSR - Assist Hospital Staff,Closed. No further action,1.0
11/18/2025,OLN25-0353,10/20/25-10/21/25,0:01-23:59,5400 Orchard Park Cir,MSR - CSA Report: Allegation of Domestic Violence,Closed. No further action,8.0
11/17/2025,C25-1526,11/16/25-11/17/25,22:00-2:30,100 W Quad Bikeway,Stolen Vehicle - Other,Suspended. No leads,4.0
11/17/2025,C25-1527,11/14/2025,18:00-21:30,197 W Quad,Stolen Vehicle - Other,Suspended. No leads,4.0
11/17/2025,C25-1528,11/17/2025,9:45,182 Orchard Park Dr,Bicycle Collision,Closed. No further action,1.0
11/17/2025,C25-1529,11/16/25-11/17/25,12:00-11:30,565 Oxford Cir,Stolen Vehicle - Other,Suspended. No leads,4.0
11/17/2025,C25-1530,11/17/2025,8:40-12:00,240 Hutchison Dr,Stolen Vehicle - Other,Suspended. No leads,4.0
11/17/2025,C25-1531,11/12/2025,17:15-18:00,663 Sprocket Bikeway,Stolen Vehicle - Other,Suspended. No leads,4.0
11/17/2025,C25-1532,11/17/2025,15:08-16:00,250 W Quad,MSR - Suspicious Person,Closed. No further action,1.0
11/17/2025,C25-1533,11/16/25-11/17/25,16:00-15:30,345 Tennis Court Ln,Theft - All Other Burglary,Suspended. No leads,5.0
11/17/2025,C25-1534,11/17/2025,15:15,210 Hutchison Dr,MSR - Suspicious Person,Closed. No further action,1.0
11/17/2025,C25-1535,11/17/2025,17:40-18:04,625 Kleiber Hall Dr,MSR - Suspicious Circumstances,Closed. No further action,1.0
11/17/2025,C25-1536,11/17/2025,19:45-20:34,160 Old Davis Rd,Warrant,Cleared by Arrest,5.0
11/17/2025,M25-0729,11/17/2025,10:14-10:48,2335 Stockton Blvd,MSR - Suspicious Circumstances,Closed. No further action,1.0
11/17/2025,M25-0730,11/17/2025,15:55,2315 Stockton Blvd,MSR - Suspicious Circumstances,Closed. No further action,1.0
11/17/2025,M25-0731,11/17/2025,23:13,2315 Stockton Blvd,MSR - Medical Aid,Closed. No further action,1.0
11/17/2025,OLN25-0350,6/3/2025,19:50,217 Russell Blvd,MSR - CSA Report: Allegation of Hazing Allegation of Hazing and Fondling,Closed. No further action,9.0
11/17/2025,OLN25-0351,11/16/2025,19:29,1401 Blue Rdg Rd,Theft of Vehicle Parts and Accessories - Other,Suspended. No leads,4.0
11/17/2025,OLN25-0352,9/25/25-11/14/25,0:01-23:59,2228 Tilia St,MSR - CSA Report: Allegation of Stalking,Closed. No further action,7.0
11/16/2025,C25-1521,11/16/2025,10:25,Levee Rd/Brooks Rd,MSR - Notice of Withdrawal from Property Issued,Closed. No further action,1.0
11/16/2025,C25-1522,11/13/25-11/16/25,18:30-10:25,5016 Orchard Park Cir,Stolen Vehicle - Other,Suspended. No leads,4.0
11/16/2025,C25-1523,11/14/25-11/16/25,16:45-10:58,292 1st St,Vandalism,Suspended. No leads,3.0
11/16/2025,C25-1524,11/16/2025,13:50,180 E Quad,Bicycle Collision,Closed. No further action,1.0
11/16/2025,C25-1525,11/16/2025,13:30-15:00,1079 La Rue Rd,Theft of a Bicycle,Suspended. No leads,3.0
11/16/2025,M25-0726,11/16/2025,12:29,2315 Stockton Blvd,MSR - Medical Aid,Closed. No further action,1.0
11/16/2025,M25-0727,11/16/2025,19:00,2315 Stockton Blvd,MSR - Assist Hospital Staff,Closed. No further action,1.0
11/16/2025,M25-0728,11/16/2025,19:25,2875 50th St,MSR - Suspicious Person,Closed. No further action,1.0
11/15/2025,C25-1517,11/15/2025,01:15-01:19,400 Howard Way,Tamper with a Fire Alarm,Suspended. No leads,3.0
11/15/2025,C25-1518,11/15/2025,15:15-15:30,250 W Quad,Theft from a Building,Suspended. No leads,4.0
11/15/2025,C25-1519,11/15/2025,20:02-20:17,1063 Ls Rue Rd,Warrants,Cleared by Arrest,5.0
11/15/2025,C25-1520,11/15/2025,19:06-20:35,Russell Blvd/Sycamore Ln,MSR-Assist Other Agency,Closed. Refer to Other Agency,1.0
11/15/2025,M25-0725,11/15/2025,13:11,4251 X St,Traffic Collision,Closed. No further action,1.0
11/14/2025,C25-1512,11/13/25-11/14/25,17:00-11:00,1739 Hutchison Dr,Stolen Vehicle - Other,Suspended. No leads,4.0
11/14/2025,C25-1513,11/14/2025,12:05-13:30,222 Physical Sciences Mall,Stolen Vehicle - Other,Suspended. No leads,4.0
11/14/2025,C25-1514,11/14/2025,07:00-11:00,660 Orchard Rd,Vehicle Vandalism,Suspended. No leads,3.0
11/14/2025,C25-1515,11/14/2025,18:30-20:00,335 Howard Way,Stolen Vehicle - Other,Suspended. No leads,4.0
11/14/2025,C25-1516,11/14/2025,23:46,520 Beckett Hall Cir,Bicycle Collision,Closed. No further action,1.0
11/14/2025,M25-0724,11/13/2025,08:20-16:30,4150 V St,Stolen Vehicle - Other,Suspended. No leads,4.0
11/14/2025,OLN25-0349,11/13/25-11/14/25,1Z:00-09:00,1063 La Rue Rd,Theft of a Bicycle,Suspended. No leads,3.0
11/13/2025,C25-1508,11/13/2025,7:15-8:00,250 W Quad,Appropriate Lost Property,Closed. Prosecution declined,1.0
11/13/2025,C25-1509,UNKNOWN,UNKNOWN,UNKNOWN,UNKNOWN,UNKNOWN,
11/13/2025,C25-1510,11/13/2025,10:58,450 Bioletti Way,Bicycle Collision,Closed. No further action,1.0
11/13/2025,C25-1511,11/13/2025,19:03,600 Hilgard Ln,Vehicle Collision,Closed. No further action,1.0
11/13/2025,M25-0721,9/22/25-9/24/25,17:00-9:00,2000 Stockton Blvd,Theft from a Building,Suspended. No leads,4.0
11/13/2025,M25-0722,11/13/2025,14:53-15:15,2300 Stockton Blvd,Warrant,Cleared by Arrest,5.0
11/13/2025,M25-0723,11/13/2025,16:07,2315 Stockton Blvd,MSR - Assist Hospital Staff,Closed. No further action,1.0
11/13/2025,OLN25-0346,11/8/25-11/11/25,15:00-15:00,622 Tercero Hall Cir,Theft of a Bicycle,Suspended. No leads,3.0
11/13/2025,OLN25-0347,10/27/25-10/28/25,22:00-8:00,468 Dairy Rd,Theft of a Bicycle,Suspended. No leads,3.0
11/13/2025,OLN25-0348,11/9/25-11/11/25,0:00-0:00,301 Celadon St,Theft of a Bicycle,Suspended. No leads,3.0
11/12/2025,C25-1502,11/12/2025,8:12-9:38,1230 Olive Dr,Suspended License/No Vehicle Registration,Closed. Refer to District Attorney Cleared. Subject cited,5.0
11/12/2025,C25-1503,11/10/25-11/12/25,13:20-7:50,1087 La Rue Rd,Stolen Vehicle - Other,Suspended. No leads,4.0
11/12/2025,C25-1504,11/12/25-11/13/25,18:11,250 W Quad,MSR - Assist Citizen,Closed. No further action,1.0
11/12/2025,C25-1505,11/12/25-11/13/25,21:40-0:48,900 Tercero Hall Bikeway,MSR - Found Property,Closed. No further action,1.0
11/12/2025,C25-1506,11/12/2025,22:49,1079 La Rue Rd,MSR - Suspicious Person,Closed. No further action,1.0
11/12/2025,C25-1507,11/12/2025,23:37,664 Tercero Hall Dr,Bicycle Collision,Closed. No further action,1.0
11/12/2025,M25-0717,11/12/2025,4:59-8:09,2407 V St,Warrant,Cleared by Arrest,5.0
11/12/2025,M25-0718,11/12/2025,15:12-18:39,2315 Stockton Blvd,MSR - Medications for Destruction,Closed. No further action,1.0
11/12/2025,M25-0719,11/12/2025,21:24-23:13,2315 Stockton Blvd,Simple Assault on Officer/Simple Assault on Hospital Staff,Closed. Refer to District Attorney,7.0
11/12/2025,M25-0720,11/09/25-11/12/25,10:16-23:16,2315 Stockton Blvd,MSR - Ammunition for Destruction,Closed. No further action,1.0
11/12/2025,OLN25-0345,11/7/25-11/11/25,14:00-15:00,187 Mint St,Theft from a Building,Suspended. No leads,4.0
11/11/2025,C25-1500,11/11/2025,7:08,400 Howard Way,Warrant/Possess Controlled Substance,Cleared by Arrest,5.0
11/11/2025,C25-1501,11/11/25-11/12/25,18:38-4:14,475 Mrak Hall Dr,Weapon Violation,Cleared by Arrest,7.0
11/11/2025,M25-0716,11/11/2025,19:51,2315 Stockton Blvd,Theft of Property,Suspended. No leads,4.0
11/10/2025,C25-1494,11/10/2025,8:31,2681 Hutchison Dr,Traffic Collision,Closed. No further action,1.0
11/10/2025,C25-1495,11/10/2025,12:54-13:15,660 Orchard Rd,MSR-Notice of Withdrawal from Property Issued,Closed. No further action,1.0
11/10/2025,C25-1496,11/07/25-11/09/25,19:30-21:00,663 Sprocket Bikeway,Stolen Vehicle - Other,Suspended. No leads,4.0
11/10/2025,C25-1497,11/10/2025,16:33-16:36,250 W Quad,Stolen Vehicle - Other,Suspended. No leads,4.0
11/10/2025,C25-1498,11/10/2025,21:49-22:44,1063 La Rue Rd,MSR-Welfare Check,Closed. No further action,1.0
11/10/2025,C25-1499,11/10/2025,23:09,686 Tercero Hall Dr,Bicycle Collision,Closed. No further action,1.0
11/10/2025,M25-0712,11/10/2025,07:19-07:45,2315 Stockton Blvd,Assault & Battery,Closed. Refer to District Attorney,7.0
11/10/2025,M25-0713,11/10/2025,16:36,4200 V St,Traffic Collision,Closed. No further action,1.0
11/10/2025,M25-0714,11/10/2025,10:43-10:45,4400 V St,Theft of a Bicycle,Suspended. No leads,3.0
11/10/2025,M25-0715,11/10/2025,21:32-23:31,2315 Stockton Blvd,MSR-Missing Person,Open Case,1.0
11/9/2025,C25-1489,11/9/2025,0:07,Hutchison Dr/ SR-113,MSR - Assist Citizen,Closed. No further action,1.0
11/9/2025,C25-1490,11/9/2025,10:24,170 E Quad,Warrant,Cleared by Arrest,5.0
11/9/2025,C25-1491,11/7/25-11/9/15,8:45-11:00,170 E Quad,Burglary,Suspended. No leads,5.0
11/9/2025,C25-1492,11/7/2025,11:00,171 Hutchison Dr,Theft of a Bicycle,Suspended. No leads,3.0
11/9/2025,C25-1493,11/8/25-11/9/25,20:30-14:10,648 Tercero Hall Dr,Theft of a Bicycle,Cleared by Arrest,3.0
11/9/2025,M25-0709,11/8/2025,7:30-22:30,4422 Y Street,Burglary,Open/Active,5.0
11/9/2025,M25-0710,11/9/2025,12:55,2249 48th St,Vehicle Collision,Closed. No further action,1.0
11/9/2025,M25-0711,11/9/25-11/10/25,23:17-1:16,4620 V St,MSR - Suspicious Circumstances,Closed. No further action,1.0
11/9/2025,OLN25-0344,11/7/25-11/8/25,18:00-15:00,568 Tercero Hall Cir,Theft of a Bicycle,Suspended. No leads,3.0
11/8/2025,C25-1487,11/8/2025,13;30-13;31,2228 Tilia St,Theft from a Motor Vehicle,Suspended. No leads,4.0
11/8/2025,C25-1488,11/8/2025,14:25,301 Citron St,Attempted Extortion,Suspended. No leads,6.0
11/8/2025,M25-0708,11/8/2025,15:46-16:10,2315 Stockton Blvd,MSR-Assist Hospital,Closed. No further action,1.0
11/8/2025,OLN25-0340,11/7/2025,09:51-13:10,250 Meyer Hall Bikeway,Theft of a Bicycle,Suspended. No leads,3.0
11/8/2025,OLN25-0341,07/01/24-07/10/24,18:00-08:00,648 Tercero Hall Cir,Theft of a Bicycle,Suspended. No leads,3.0
11/8/2025,OLN25-0342,08/22/25-08/25/25,09:50-09:50,250 W Quad,Theft of a Bicycle,Suspended. No leads,3.0
11/8/2025,OLN25-0343,11/7/2025,13:10-15:00,250 W Quad,Theft of a Bicycle,Suspended. No leads,3.0
11/7/2025,C25-1479,09/22/25-11/04/25,10:56-00:00,1545 Jade St,Fraud,Suspended. No leads,4.0
11/7/2025,C25-1480,11/7/2025,09:22-11:30,118 Hutchison Dr,MSR-Found Property,Closed. No further action,1.0
11/7/2025,C25-1481,11/06/25-11/07/25,20:00-08:00,515 Regan Hall Cir,Stolen Vehicle - Other,Suspended. No leads,4.0
11/7/2025,C25-1482,11/03/25-11/06/25,00:00-12:00,298 Citron St,Theft from a Building,Suspended. No leads,4.0
11/7/2025,C25-1483,11/7/2025,15:10-16:00,197 W Quad,Stolen Vehicle - Other,Suspended. No leads,4.0
11/7/2025,C25-1484,10/20/25-10/29/25,14:55-21:47,352 Dairy Rd,Fraud,Suspended. No leads,4.0
11/7/2025,C25-1485,11/07/25-11/08/25,19:36-01:45,475 Mrak Hall Dr,Possess Loaded Firearm/Possess Undetectable Firearm,Open Case,8.0
11/7/2025,C25-1486,11/7/2025,12:00-20:00,222 Physical Sciences Mall,Stolen Vehicle - Other,Suspended. No leads,4.0
11/7/2025,M25-0705,11/7/2025,12:45-12:50,2315 Stockton Blvd,Weapons Violation: Possess Metal Knuckles,Closed. Prosecution declined,7.0
11/7/2025,M25-0706,11/7/2025,14:00-15:30,2315 Stockton Blvd,MSR-Assist Hospital,Closed. No further action,1.0
11/7/2025,M25-0707,11/7/2025,15:30-16:00,2315 Stockton Blvd,MSR-Verbal Dispute,Closed. No further action,1.0
11/7/2025,OLN25-0338,11/6/2025,02:30-13:30,496 La Rue Rd,Theft of a Bicycle,Suspended. No leads,3.0
11/7/2025,OLN25-0339,10/22/2025,22:20,1111 Drake Dr,MSR-CSA Report: Allegation of Hazing,Closed. No further action,8.0
11/6/2025,C25-1470,11/6/2025,8:50,650 Hutchison Dr,Vehicle Collision,Closed. No further action,1.0
11/6/2025,C25-1471,11/6/2025,12:06,549 Kleiber Hall Dr,Bicycle Collision,Closed. No further action,1.0
11/6/2025,C25-1472,11/6/2025,12:20-13:00,160 E Quad,Stolen Vehicle - Other,Suspended. No leads,4.0
11/6/2025,C25-1473,11/6/2025,13:11,246 Physical Sciences Mall,Bicycle Collision,Closed. No further action,1.0
11/6/2025,C25-1474,11/6/2025,11:00-14:00,1538 Jade St,Stolen Vehicle - Other,Suspended. No leads,4.0
11/6/2025,C25-1475,11/6/2025,14:15-16:15,505 Hutchison Dr,Use of University Facilities Not Open to Public/Obstruct Peace Officer/False ID,Open/Active Cleared by Arrest,5.0
11/6/2025,C25-1476,11/6/2025,14:05-15:05,505 Hutchison Dr,Stolen Vehicle - Other,Suspended. No leads,4.0
11/6/2025,C25-1477,UNKNOWN,UNKNOWN,UNKNOWN,UNKNOWN,UNKNOWN,
11/6/2025,C25-1478,11/6/2025,20:22,601 La Rue Rd,MSR - Medical Aid,Closed. No further action,1.0
11/6/2025,M25-0702,11/03/25-11/04/25,8:00-17:00,2315 Stockton Blvd,MSR - Lost Property,Closed. No further action,1.0
11/6/2025,M25-0703,10/28/2025,12:00-14:00,2315 Stockton Blvd,MSR - Medical Aid,Closed. No further action,1.0
11/6/2025,M25-0704,11/6/2025,15:19-16:29,2230 Stockton Blvd,Simple Assault,Closed. Prosecution declined,6.0
11/5/2025,C25-1464,11/02/25-11/04/25,12:00-16:00,250 W Quad,MSR - Suspicious Circumstances,Closed. No further action,1.0
11/5/2025,C25-1465,11/5/2025,7:51-10:06,455 Hopkins Rd,MSR - Firearm Surrendered for Destruction,Closed. No further action,1.0
11/5/2025,C25-1466,11/4/2025,18:00-23:59,760 Orchard Rd,Theft - All Other,Suspended. No leads,4.0
11/5/2025,C25-1467,10/30/25-10/31/25,21:00-10:30,320 Parkway Cir,Arson/Vandalism with Bias - Anti-Religion,Suspended. No leads,8.0
11/5/2025,C25-1468,11/5/2025,14:00-15:00,100 W Quad Bikeway,Stolen Vehicle - Other,Suspended. No leads,4.0
11/5/2025,C25-1469,11/5/2025,15:00-16:10,475 Storer Mall,Stolen Vehicle - Other,Suspended. No leads,4.0
11/5/2025,M25-0700,11/5/2025,12:21,4635 2nd Ave,MSR - Found Bicycle,Closed. No further action,1.0
11/5/2025,M25-0701,11/5/2025,19:37-21:20,2315 Stockton Blvd,Possess Controlled Substance,Closed. Prosecution declined,5.0
11/5/2025,OLN25-0335,,,,CASE NUMBER PULLED IN ERROR,,
11/5/2025,OLN25-0336,9/5/25-10/24/25,0:01-23:59,4301 X St,MSR - CSA Report: Allegation of Stalking,Closed. No further action,7.0
11/5/2025,OLN25-0337,11/4/2025,18:05-19:00,222 Physical Sciences Mall,Theft of a Bicycle,Suspended. No leads,3.0
11/4/2025,C25-1459,11/4/2025,12:02,175 Bioletti Way,Bicycle Collision,Closed. No further action,1.0
11/4/2025,C25-1460,11/4/2025,15:33,601 La Rue Rd,Vehicle Collision,Closed. No further action,1.0
11/4/2025,C25-1461,11/04/25-11/05/25,20:40-0:06,555 Guava Ln,MSR - Missing Person Report,Closed. Missing Person Located,1.0
11/4/2025,C25-1462,11/4/2025,22:27,550 Storer Mall,Bicycle Collision,Closed. No further action,1.0
11/4/2025,C25-1463,11/4/2025,13:40-19:00,100 W Quad,Stolen Vehicle - Other,Suspended. No leads,4.0
11/4/2025,M25-0699,11/4/2025,23:30,2315 Stockton Blvd,MSR - Assist Hospital Staff,Closed. No further action,1.0
11/4/2025,OLN25-0334,10/31/25-11/4/25,15:00-10:00,5016 Orchard Park Cir,Theft of a Bicycle,Suspended. No leads,3.0
11/3/2025,C25-1451,11/3/2025,12:10-12:45,1739 Hutchison Dr,MSR - Welfare Check,Closed. No further action,1.0
11/3/2025,C25-1452,11/3/2025,12:38-13:00,630 2nd St,MSR - Notice of Withdrawal from Property Issued Trespassing,Closed. No further action Cleared by arrest,1.0
11/3/2025,C25-1453,10/31/25-11/3/25,17:00-9:00,480 Sprocket Bikeway,Vandalism,Suspended. No leads,3.0
11/3/2025,C25-1454,11/3/2025,16:45-17:15,685 Kleiber Hall Dr,MSR - Notice of Withdrawal from Property Issued,Closed. No further action,1.0
11/3/2025,C25-1455,11/1/25-11/3/25,11:30-16:30,5003 Orchard Park Cir,Theft from a Building,Suspended. No leads,4.0
11/3/2025,C25-1456,11/3/2025,17:20,685 Kleiber Hall Dr,Vandalism,Suspended. No leads,3.0
11/3/2025,C25-1457,11/3/25-11/4/25,23:23-0:33,152 Orchard Park Dr,Warrant,Cleared by Arrest,5.0
11/3/2025,C25-1458,11/3/2025,19:00-22:00,505 Hutchison Dr,Stolen Vehicle - Other,Suspended. No leads,4.0
11/3/2025,M25-0698,11/3/2025,14:11-15:16,3891 32nd Ave,Driving with License Suspended/No Vehicle Registration/Possess Controlled Substance/Possess Paraphernalia/Fraud - Theft of ID,Closed. Refer to District Attorney,6.0
11/3/2025,OLN25-0332,11/1/25-11/2/25,23:00-0:59,565 Oxford Cir,Theft of a Bicycle,Suspended. No leads,3.0
11/3/2025,OLN25-0333,10/28/2025,1:00-8:00,237 Tercero Hall Cir,Theft of Bicycle Parts,Suspended. No leads,3.0
11/2/2025,C25-1448,11/2/2025,1:04,686 Tercero Hall Cir,MSR - Alcohol Poisoning,Closed. No further action,1.0
11/2/2025,C25-1449,10/10/25-10/13/25,15:02-12:00,5017 Orchard Park Cir,Stolen Vehicle - Other,Suspended. No leads,4.0
11/2/2025,C25-1450,11/2/2025,14:35-15:03,La Rue Rd/Hutchison Dr,MSR - Notice of Withdrawal from Property Issued,Closed. No further action,1.0
11/2/2025,OLN25-0330,10/27/2025,9:00-12:00,205 California Ave,Theft of a Bicycle,Suspended. No leads,3.0
11/2/2025,OLN25-0331,10/19/2025,19:30-21:00,198 Shields Ave,Theft of a Bicycle,Suspended. No leads,3.0
11/1/2025,C25-1440,11/1/2025,01:36-03:50,1743 Hutchison Dr,Stalking,Closed. Refer to District Attorney,7.0
11/1/2025,C25-1441,10/31/25-11/01/25,22:30-02:34,541 Oxford Cir,MSR-Alcohol Poisoning,Closed. No further action,1.0
11/1/2025,C25-1442,10/31/25-11/01/25,23:30-07:00,5014 Orchard Park Cir,MSR-Civil Dispute,Closed. No further action,1.0
11/1/2025,C25-1443,11/1/2025,16:31,850 La Rue Rd,UNKNOWN,UNKNOWN,
11/1/2025,C25-1444,10/23/25-11/01/25,00:00-21:55,1545 Jade St,Fraud,Suspended. No leads,4.0
11/1/2025,C25-1445,UNKNOWN,UNKNOWN,468 Dairy Rd,UNKNOWN,UNKNOWN,
11/1/2025,C25-1446,11/1/2025,23:37-23:50,California Ave/Russell Blvd,MSR-Alcohol Poisoning,Closed. No further action,1.0
11/1/2025,C25-1447,11/01/25-11/02/25,23:51-00:13,664 Tercero Hall Dr,MSR-Alcohol Poisoning,Closed. No further action,1.0
11/1/2025,M25-0696,11/1/2025,15:58,4251 X St,Traffic Collision,Closed. No further action,1.0
11/1/2025,M25-0697,11/1/2025,08:00-20:50,2315 Stockton Blvd,Stolen Vehicle - Other,Suspended. No leads,4.0
10/31/2025,C25-1423,10/23/25-10/24/25,17:00-08:00,350 Howard Way,Theft from a Building,Suspended. No leads,4.0
10/31/2025,C25-1424,10/30/2025,05:00-06:00,2228 Tilia St,Stolen Vehicle CASE PULLED IN ERROR,Suspended. No leads N/A,4.0
10/31/2025,C25-1425,10/31/2025,07:00-09:00,5400l Orchard Park Cir,Stolen Vehicle - Other,Suspended. No leads,4.0
10/31/2025,C25-1426,10/27/25-10/31/25,18:00-11:00,1743 Hutchison Dr,Fraud,Suspended. No leads,4.0
10/31/2025,C25-1427,10/30/25-10/31/25,16:00-07:30,2618 Hutchison Dr,Theft of Property,Suspended. No leads,4.0
10/31/2025,C25-1428,10/31/2025,13:08,420 Hutchison Dr,Bicycle Collision,Closed. No further action,1.0
10/31/2025,C25-1429,10/31/2025,13:26-14:11,628 Hilgard Ln,Forge Vehicle Registration,Cleared. Subject Cited,3.0
10/31/2025,C25-1430,10/31/2025,13:52-13:53,Russell Blvd/Campbell Way,MSR-Unfounded Traffic Collision,Closed. No further action,1.0
10/31/2025,C25-1431,10/31/2025,9:30,685 Kleiber Hall Dr,MSR-Property & Evidence purge,Closed. No further action,
10/31/2025,C25-1432,10/31/2025,15:49,Orchard Rd/Orchard Park Dr,Traffic Collision,Closed. No further action,1.0
10/31/2025,C25-1433,10/31/2025,18:25,300 Hutchison Dr,Bicycle Collision,Closed. No further action,1.0
10/31/2025,C25-1434,10/31/2025,22:45-22:55,685 Kleiber Hall Dr,MSR-Alcohol Poisoning,Closed. No further action,1.0
10/31/2025,C25-1435,10/31/2025,22:40,171 Hutchison Dr,MSR-Alcohol Poisoning,Closed. No further action,1.0
10/31/2025,C25-1436,10/31/2025,23:12-23:33,286 N Quad,MSR-Alcohol Poisoning,Closed. No further action,1.0
10/31/2025,C25-1437,10/31/2025,23:13-23:38,598 Tercero Hall Dr,MSR-Alcohol Poisoning,Closed. No further action,1.0
10/31/2025,C25-1438,10/31/2025,22:36-23:36,648 Tercero Hall Dr,MSR-Alcohol Poisoning,Closed. No further action,1.0
10/31/2025,C25-1439,10/31/25-11/01/25,23:57-00:07,565 Oxford Cir,MSR-Alcohol Poisoning,Closed. No further action,1.0
10/31/2025,M25-0693,10/31/2025,03:47-04:04,2315 Stockton Blvd,Assault & Battery,Cleared by Arrest,7.0
10/31/2025,M25-0694,10/31/2025,12:00-12:23,2315 Stockton Blvd,MSR-Suspicious Person,Closed. No further action,1.0
10/31/2025,M25-0695,10/15/2025,14:43,4868 X St,Shoplifting,Closed. Prosecution declined,3.0
10/30/2025,C25-1419,10/30/2025,14:48,California Ave/Russell Blvd,Vehicle Collision,Closed. No further action,1.0
10/30/2025,C25-1420,10/30/2025,16:03,685 Kleiber Hall Dr,Vehicle Collision,Closed. No further action,1.0
10/30/2025,C25-1421,10/30/2025,16:40-18:45,301 Celadon St,MSR - Assist Students,Closed. No further action,1.0
10/30/2025,C25-1422,10/30/2025,23:22,541 Oxford Cir,MSR - Alcohol Poisoning,Closed. No further action,1.0
10/30/2025,OLN25-0326,6/1/25-6/30,1:00-23:59,6341 Folsom Blvd,MSR - CSA Report: Allegation of Fondling,Closed. No further action,9.0
10/30/2025,OLN25-0327,10/26/2025,7:30,One Shields Ave,MSR - CSA Report: Allegation of Stalking,Closed. No further action,7.0
10/30/2025,OLN25-0328,10/25/25-10/26/25,16:00-12:00,644 Tercero Hall Cir,Theft of a Bicycle,Suspended. No leads,3.0
10/30/2025,OLN25-0329,10/29/25-10/30/25,16:00-12:00,664 Tercero Hall Dr,Theft of a Bicycle,Suspended. No leads,3.0
10/29/2025,C25-1408,10/29/2025,8:48,630 Orchard Rd,Bicycle Collision,Closed. No further action,1.0
10/29/2025,C25-1409,10/28/2025,9:35-10:00,523 Mrak Hall Dr,MSR - Notice of Withdrawal from Property Issued,Closed. No further action,1.0
10/29/2025,C25-1410,10/29/2025,11:39,760 Orchard Rd,Bicycle Collision,Closed. No further action,1.0
10/29/2025,C25-1411,10/23/25-10/29/25,18:30-9:53,221 Physical Sciences Mall,Theft - All Other,Suspended. No leads,4.0
10/29/2025,C25-1412,10/29/2025,13:00-14:00,197 W Quad,Stolen Vehicle - Other,Suspended. No leads,4.0
10/29/2025,C25-1413,10/25/1902,16:16,350 Mrak Hall Dr,MSR - Notice of Withdrawal from Property Issued,Closed. No further action,1.0
10/29/2025,C25-1414,10/29/2025,16:56-17:19,197 W Quad,MSR - Assist Citizen,Closed. No further action,1.0
10/29/2025,C25-1415,10/29/2025,19:38,541 Oxford Cir,Bicycle Collision,Closed. No further action,1.0
10/29/2025,C25-1416,10/29/2025,9:00-21:00,1063 La Rue Rd,MSR - Suspicious Circumstances,Closed. No further action,1.0
10/29/2025,C25-1417,10/29/25-10/30/25,22:30-0:00,1180 Extension Center Dr,Weapons Violation,Closed. Prosecution declined,7.0
10/29/2025,C25-1418,10/29/25-10/30/25,22:04-0:57,298 Celadon St,MSR - Assist Students,Closed. No further action,1.0
10/29/2025,M25-0692,10/29/2025,10:30-10:41,2315 Stockton Blvd,Simple Assault,Closed. Prosecution declined,6.0
10/29/2025,OLN25-0324,10/25/25-10/27/25,15:00-14:30,598 Tercero Hall Cir,Theft of a Bicycle,Suspended. No leads,3.0
10/29/2025,OLN25-0325,10/27/25-10/28/25,15:30-12:00,1019 La Rue Rd,Theft of Vehicle Parts,Suspended. No leads,4.0
10/28/2025,C25-1398,10/28/2025,9:36,100 W Quad,Bicycle Collision,Closed. No further action,1.0
10/28/2025,C25-1399,10/28/2025,12:25,685 Kleiber Hall Dr,Vehicle Collision,Closed. No further action,1.0
10/28/2025,C25-1400,10/7/25-10/28/25,7:00-13:35,1743 Hutchison Dr,Fraud,Suspended. No leads,4.0
10/28/2025,C25-1401,10/28/2025,14:00,420 California Ave,Vehicle Collision,Closed. No further action,1.0
10/28/2025,C25-1402,UNKNOWN,UNKNOWN,400 Howard Way,UNKNOWN Traffic Collision,UNKNOWN Closed. No further action,1.0
10/28/2025,C25-1403,,,,CASE NUMBER PULLED IN ERROR,,
10/28/2025,C25-1404,10/28/2025,16:00-18:00,197 W Quad,Stolen Vehicle - Other,Suspended. No leads,4.0
10/28/2025,C25-1405,10/28/2025,20:26,Hutchison Dr/Dairy Rd,Bicycle Collision,Closed. No further action,1.0
10/28/2025,C25-1406,10/28/2025,19:00-20:00,197 W Quad,Theft of a Bicycle,Closed. Prosecution declined,3.0
10/28/2025,C25-1407,10/28/2025,22:06,337 Bioletti Way,Bicycle Collision,Closed. No further action,1.0
10/28/2025,M25-0687,10/28/2025,2:27,2315 Stockton Blvd,Possess Controlled Substance,Closed. Prosecution declined,5.0
10/28/2025,M25-0688,10/28/2025,10:53-12:03,2315 Stockton Blvd,MSR - Missing Person Report,Open/Active,1.0
10/28/2025,M25-0689,10/28/2025,9:00-10:46,2315 Stockton Blvd,Theft from a Building Shoplifting,Open/Active,4.0
10/28/2025,M25-0690,10/28/2025,13:40-14:48,2315 Stockton Blvd,Stolen Vehicle - Other/Weapon Law Violation/Possess Controlled Substance/Petty Theft/Concealed Weapon,Closed. Refer to District Attorney,7.0
10/26/2025,M25-0684,10/26/2025,18:03,2315 Stockton Blvd,Simple Assault,Closed. Prosecution declined,6.0
10/26/2025,M25-0685,10/26/2025,19:00,2315 Stockton Blvd,Simple Assault,Closed. Prosecution declined,6.0
10/26/2025,OLN25-0320,10/26/2025,11:30,663 Sprocket Bikeway,Theft of a Bicycle,Suspended. No leads,3.0
10/25/2025,C25-1381,10/25/2025,0:05,484 Dairy Rd,MSR - Alcohol Poisoning,Closed. No further action,1.0
10/25/2025,C25-1382,10/25/2025,3:18,1079 La Rue Rd,MSR - Alcohol Poisoning,Closed. No further action,1.0
10/25/2025,C25-1383,10/24/2025,17:30-20:00,222 Physical Sciences Mall,Stolen Vehicle - Other,Suspended. No leads,4.0
10/25/2025,M25-0682,10/25/2025,11:00-14:00,2315 Stockton Blvd,MSR - Assist Hospital Staff,Closed. No further action,1.0
10/25/2025,OLN25-0319,10/17/25-10/19/25,20:00-23:59,686 Tercero Hall Cir,Theft - All Other,Suspended. No leads,4.0
10/24/2025,C25-1374,10/23/25-10/24/25,20:40-0:00,760 Orchard Rd,Stolen Vehicle - Other,Suspended. No leads,4.0
10/24/2025,C25-1375,10/24/2025,6:15,250 N Quad,MSR - Notice of Withdrawal from Property Issued,Closed. No further action,1.0
10/24/2025,C25-1376,10/24/2025,10:12-10:44,175 Bioletti Way,MSR - Medical Aid,Closed. No further action,1.0
10/24/2025,C25-1377,10/23/25-10/24/25,17:00-8:00,419 Howard Way,Burglary Theft from a Building,Suspended. No leads,5.0
10/24/2025,C25-1378,10/23/2025,16:50-18:50,271 N Quad,Stolen Vehicle - Other,Suspended. No leads,4.0
10/24/2025,C25-1379,10/24/2025,13:00-14:00,250 W Quad,MSR - Suspicious Circumstances,Closed. No further action,1.0
10/24/2025,C25-1380,10/24/2025,16:40-20:00,180 E Quad,Stolen Vehicle - Other,Suspended. No leads,4.0
10/24/2025,M25-0678,10/24/2025,11:25-12:34,2315 Stockton Blvd,Possess Controlled Substance,Closed. Prosecution declined,5.0
10/24/2025,M25-0679,10/24/2025,11:54-12:30,2221 Stockton Blvd,MSR - Assist Citizen,Closed. No further action,1.0
10/24/2025,M25-0680,10/17/2025,9:55,2315 Stockton Blvd,Simple Assault,Closed. Prosecution declined,6.0
10/24/2025,M25-0681,10/24/25-10/25/25,20:42-4:50,2315 Stockton Blvd,MSR - Marijuana seized for destruction,Closed. No further action,1.0
10/23/2025,C25-1370,10/22/2025,17:30-18:30,1029 La Rue Rd,Stolen Vehicle - Other,Suspended. No leads,4.0
10/23/2025,C25-1371,10/23/2025,10:00-10:50,523 Mrak Hall Dr,Vandalism to an e-Scooter,Suspended. No leads,3.0
10/23/2025,C25-1372,10/23/2025,15:36,180 E Quad,MSR - Welfare Check,Closed. No further action,1.0
10/23/2025,C25-1373,10/23/2025,22:02,760 Orchard Rd,Bicycle Collision,Closed. No further action,1.0
10/23/2025,M25-0673,10/23/2025,2:14-4:30,P St/30th St,DUI Alcohol/Possess Controlled Substance,Cleared by Arrest,6.0
10/23/2025,M25-0674,10/23/2025,11:00-11:45,2315 Stockton Blvd,Simple Assault,Cleared. Subject Cited,6.0
10/23/2025,M25-0675,10/23/2025,10:41,2315 Stockton Blvd,MSR - Suspicious Circumstances,Closed. No further action,1.0
10/23/2025,M25-0676,10/23/2025,12:31,4870 Y St,Vehicle Collision,Closed. No further action,1.0
10/23/2025,M25-0677,10/23/2025,19:32-20:13,2315 Stockton Blvd,Simple Assault,Closed. Prosecution declined,6.0
10/23/2025,OLN25-0317,9/25/25-10/22/25,0:01-23:59,663 Sprocket Bikeway,MSR - CSA Report: Allegation of Stalking,Closed. No further action,7.0
10/23/2025,OLN25-0318,9/25/25-10/16/25,0:01-23:59,550 Oxford Cir,MSR - CSA Report: Allegation of Stalking,Closed. No further action,7.0
10/22/2025,C25-1366,10/22/2025,11:52,Orchard Rd/Orchard Park Dr,Bicycle Collision,Closed. No further action,1.0
10/22/2025,C25-1367,10/22/2025,11:50-14:00,663 Sprocket Bikeway,Theft from a Building,Suspended. No leads,4.0
10/22/2025,C25-1368,10/22/2025,18:54-19:26,298 Celedon St,MSR - Welfare Check,Closed. No further action,1.0
10/22/2025,C25-1369,10/22/2025,18:28,100 W Quad Bikeway,MSR - Suspicious Circumstances-Unwanted touching: Fondling Suspicious Circumstance,Closed. No further action,8.0
10/22/2025,M25-0667,10/21/25-10/22/25,18:00-6:00,4868 X St,Vandalism,Open/Active,3.0
10/22/2025,M25-0668,10/18/25-10/22/25,6:00,2249 48th St,Vandalism,Open/Active,3.0
10/22/2025,M25-0669,10/22/2025,11:41-12:35,4251 X St,MSR - Welfare Check,Closed. No further action,1.0
10/22/2025,M25-0670,10/22/2025,13:58,4251 X St,Vehicle Collision,Closed. No further action,1.0
10/22/2025,M25-0671,10/22/2025,14:03,2315 Stockton Blvd,Simple Assault,Closed. Prosecution declined,6.0
10/22/2025,M25-0672,10/22/2025,13:20-15:00,2315 Stockton Blvd,MSR - Assist Hospital Staff,Closed. No further action,1.0
10/21/2025,C25-1355,10/20/25-10/21/25,16:30-7:30,238 1st St,Burglary/Vandalism,Suspended. No leads,5.0
10/21/2025,C25-1356,10/20/25-10/21/25,21:00-8:00,5400 Orchard Park Cir,Stolen Vehicle - Other,Suspended. No leads,4.0
10/21/2025,C25-1357,10/20/25-10/21/25,18:00-9:00,1655 Hutchison Pl,Stolen Vehicle - Other,Suspended. No leads,4.0
10/21/2025,C25-1358,10/20/25-10/21/25,22:00-9:40,664 Tercero Hall Dr,Stolen Vehicle - Other,Suspended. No leads,4.0
10/21/2025,C25-1359,10/14/25-10/21/25,10:20-9:20,190 California Ave,MSR - Found Property,Closed. No further action,1.0
10/21/2025,C25-1360,10/21/2025,16:00-16:40,505 Hutchison Dr,Theft from a Building,Suspended. No leads,4.0
10/21/2025,C25-1361,,,,CASE NUMBER PULLED IN ERROR,,
10/21/2025,C25-1362,10/21/2025,19:00,La Rue Rd/Hutchison Dr,Vehicle Collision,Closed. No further action,1.0
10/21/2025,C25-1363,10/21/2025,17:10-19:00,505 Hutchison Dr,Stolen Vehicle - Other,Suspended. No leads,4.0
10/21/2025,C25-1364,10/16/25-10/21/25,18:00-20:14,376 Dairy Rd,MSR - Missing Person Report,Closed. No further action,1.0
10/21/2025,C25-1365,10/21/2025,19:15-21:00,760 Orchard Rd,Theft from a Building/Credit Card Fraud,Open/Active,4.0
10/21/2025,M25-0666,10/21/2025,9:40-14:40,2315 Stockton Blvd,MSR - Marijuana seized for destruction,Closed. No further action,1.0
10/21/2025,OLN25-0314,10/16/25-10/20/25,19:00-16:00,2231 Jade St,Theft of a Bicycle,Suspended. No leads,3.0
10/21/2025,OLN25-0315,10/20/25-10/21/25,23:00-8:00,470 La Rue Rd,Theft of a Bicycle,Suspended. No leads,3.0
10/21/2025,OLN25-0316,10/19/20-10/20/25,18:00-0:00,300 Atrium Way,Theft of a Bicycle,Suspended. No leads,3.0
10/20/2025,C25-1349,10/19/25-10/20/25,9:15-1:12,664 Tercero Hall Dr,MSR - Suspicious Circumstances,Closed. No further action,1.0
10/20/2025,C25-1350,10/12/25-10/17/25,13:00-16:45,1644 Hutchison Pl,Theft of Vehicle Parts,Closed. Prosecution declined,4.0
10/20/2025,C25-1351,9/22/25-10/20/25,6:30-10:02,955 Extension Center Dr,Theft from a Building,Suspended. No leads,4.0
10/20/2025,C25-1352,10/20/2025,12:06,N Quad/California Ave,Bicycle Collision,Closed. No further action,1.0
10/20/2025,C25-1353,10/20/2025,10:30-12:29,Levee Rd/ Hopkins Rd,Theft from a Vehicle,Suspended. No leads,4.0
10/20/2025,C25-1354,,,,CASE NUMBER PULLED IN ERROR,,
10/20/2025,M25-0663,10/20/2025,3:15-8:32,Stockton Blvd/42nd St,DUI - Alcohol,Cleared by Arrest,6.0
10/20/2025,M25-0664,10/17/2025,16:24,3301 C Street,MSR - Suspicious Circumstances,Closed. No further action,1.0
10/20/2025,M25-0665,10/20/2025,13:49,4868 X St,Stolen Vehicle - Other,Open/Active,4.0
10/19/2025,C25-1344,10/19/2025,15:29-17:00,628 Hilgard Ln,Possess Paraphernalia/Possess Illegally duplicated key to a Govt Building,Cleared. Subject cited,5.0
10/19/2025,C25-1345,10/17/25-10/19/25,11:00-12:00,1059 La Rue Rd,Stolen Vehicle - Other,Suspended. No leads,4.0
10/19/2025,C25-1346,10/18/25-10/19/25,21:00-18:30,584 Tercero Hall Cir,Stolen Vehicle - Other,Suspended. No leads,4.0
10/19/2025,C25-1347,10/19/2025,21:03-21:45,1081 La Rue Rd,MSR - Welfare Check,Closed. No further action,1.0
10/19/2025,C25-1348,10/18/2025,18:40-20:10,298 Citron St,Rape/False Imprisonment/Dating Violence,Open/Active,9.0
10/19/2025,M25-0661,10/19/2025,2:58-3:21,2315 Stockton Blvd,MSR - Marijuana seized for destruction,Closed. No further action,1.0
10/19/2025,M25-0662,10/19/2025,20:00,2315 Stockton Blvd,MSR - Suspicious Circumstances,Closed. No further action,1.0
10/19/2025,OLN25-0313,10/18/2025,19:30-21:00,363 Bioletti Way,Theft of a Bicycle,Suspended. No leads,3.0
10/18/2025,C25-1336,10/18/2025,01:38-05:00,611 Hilgard Ln,Driving Under the Influence,Cleared by arrest,6.0
10/18/2025,C25-1337,10/18/2025,04:17-04:36,Hutchison Dr/Hwy 113,Driving Under the Influence,Cleared by arrest Closed. Detention only,6.0
10/18/2025,C25-1338,10/18/2025,05:00-05:05,404 Orchard Park Dr,Theft of a Bicycle,Suspended. No leads,3.0
10/18/2025,C25-1339,10/18/2025,08:11-08:14,468 Hutchison Dr,MSR-Notice of Withdrawal from Property Issued,Closed. No further action,1.0
10/18/2025,C25-1340,10/17/2025,07:30-08:30,760 Orchard Rd,Theft from a Building,Suspended. No leads,4.0
10/18/2025,C25-1341,10/18/2025,18:16-20:03,100 West Quad Bikeway,MSR-Notice of Withdrawal from Property Issued,Closed. No further action,1.0
10/18/2025,C25-1342,10/18/2025,08:48-20:20,376 Dairy Rd,MSR-Hate Speech,Closed. No further action,1.0
10/18/2025,C25-1343,10/18/2025,14:00-19:58,200 Orchard Park Dr,MSR-Assist Citizen,Closed. No further action,1.0
10/18/2025,M25-0660,10/18/2025,18:37-18:45,2315 Stockton Blvd,MSR-Suspicious Persons,Closed. No further action,1.0
10/18/2025,OLN25-0312,10/17/2025,16:40-20:05,222 Physical Sciences Mall,Theft of a Bicycle,Suspended. No leads,3.0
10/17/2025,C25-1324,10/17/2025,00:28-01:08,5003 Orchard Park Cir,MSR-Report of Unfounded Assault,Closed. No further action,
10/17/2025,C25-1325,10/17/2025,02:34-03:23,165 Old Davis Rd,Public Intoxication,Cleared by arrest,5.0
10/17/2025,C25-1326,10/17/2025,08:00-09:04,336 Howard Way,MSR-Notice of Withdrawal from Property Issued,Closed. No further action,1.0
10/17/2025,C25-1327,10/17/2025,08:30-08:25,150 E Arboretum Dr,Vandalism,Suspended. No leads,3.0
10/17/2025,C25-1328,10/15/2025,06:45-11:30,533 Oxford Cir,Vehicle Vandalism,Suspended. No leads Closed. Unfounded,3.0
10/17/2025,C25-1329,10/17/2025,09:13-09:30,298 Horizon St,MSR-Welfare Check,Closed. No further action,1.0
10/17/2025,C25-1330,10/17/2025,11:27-12:10,468 Hutchison Dr,Theft of Property,Suspended. No leads,4.0
10/17/2025,C25-1331,10/17/2025,15:49,1445 Med Sciences Dr,Traffic Collision,Closed. No further action,1.0
10/17/2025,C25-1332,10/17/2025,07:43-07:50,425 California Ave,MSR-Suspicious Person,Closed. No further action,1.0
10/17/2025,C25-1333,10/17/2025,14:37-15:25,760 Orchard Rd,Theft from a Building,Suspended. No leads,4.0
10/17/2025,C25-1334,10/17/2025,18:05,Bainer Hall Dr/Bioletti Way,Bicycle Collision,Closed. No further action,1.0
10/17/2025,C25-1335,10/17/2025,23:00-23:49,410 Atrium Way,MSR-Alcohol Poisoning,Closed. No further action,1.0
10/17/2025,M25-0659,10/17/2025,13:00-13:13,2315 Stockton Blvd,MSR-Notice of Withdrawal from Property Issued,Closed. No further action,1.0
10/17/2025,OLN25-0311,9/8/2025,15:35-16:35,2075 Jade St,Vehicle Vandalism,Suspended. No leads,3.0
10/16/2025,C25-1316,10/16/2025,2:14-4:44,625 Kleiber Hall Dr One Shields Ave,MSR - Suspicious Circumstances,Closed. No further action,1.0
10/16/2025,C25-1317,10/16/2025,7:15,153 Hutchison Dr,MSR - Notice of Withdrawal from Property Issued,Closed. No further action,1.0
10/16/2025,C25-1318,10/15/25-10/16/25,21:20-8:30,620 Tercero Hall Dr,Stolen Vehicle - Other,Suspended. No leads,4.0
10/16/2025,C25-1319,10/15/25-10/16/25,16:00-7:00,175 Bioletti Way,Stolen Vehicle - Other,Suspended. No leads,4.0
10/16/2025,C25-1320,10/9/25-10/14/25,17:00-17:00,468 Hutchison Dr,Theft from a Building,Suspended. No leads,4.0
10/16/2025,C25-1321,10/16/2025,16:16,400 Howard Way,Vehicle Collision,Closed. No further action,1.0
10/16/2025,C25-1322,10/16/2025,16:54,760 Orchard Rd,Simple Assault,Open/Active,6.0
10/16/2025,C25-1323,10/15/2025,22:26-23:26,Sant Cruz CA,MSR - Suspicious Circumstances,Closed. Refer to Another Agency,1.0
10/16/2025,M25-0654,10/16/2025,9:53-10:02,2315 Stockton Blvd,MSR - Notice of Withdrawal from Property Issued,Closed. No further action,1.0
10/16/2025,M25-0655,10/16/2025,13:09,4868 X St,Stolen Vehicle - Other,Suspended. No leads,4.0
10/16/2025,M25-0656,10/16/2025,15:56,2315 Stockton Blvd,MSR - Marijuana seized for destruction,Closed. No further action,1.0
10/16/2025,M25-0657,10/16/2025,16:30-17:00,4422 Y Street,MSR - Suspicious Circumstances,Closed. No further action,1.0
10/16/2025,M25-0658,10/16/25-10/17/25,18:28-5:34,2315 Stockton Blvd,MSR - Marijuana seized for destruction,Closed. No further action,1.0
10/16/2025,OLN25-0309,10/13/25-10/15/25,15:00-10:00,5016 Orchard Park Cir,Theft of a Bicycle,Closed. No further action,3.0
10/17/2025,OLN25-0310,,,,CASE NUMBER PULLED IN ERROR,,
10/15/2025,C25-1310,10/15/2025,10:10-10:39,1616 DaVinci Ct,MSR - Found Property,Closed. No further action,1.0
10/15/2025,C25-1311,10/14/25-10/15/25,13:40-15:00,336 Howard Way,Stolen Vehicle - Other,Closed. Prosecution declined,4.0
10/15/2025,C25-1312,10/14/25-10/15/25,22:00-9:00,298 Citron St,MSR - Suspicious Circumstances,Closed. No further action,1.0
10/15/2025,C25-1313,10/14/2025,9:00-16:00,631 Hilgard Ln,Theft from a Building,Suspended. No leads,4.0
10/15/2025,C25-1314,10/15/2025,17:09,Hutchison Dr/Dairy Rd,Bicycle Collision,Closed. No further action,1.0
10/15/2025,C25-1315,10/15/25-10/16/25,21:50-10:03,505 Regan Hall Cir,Simple Assault,Open/Active,6.0
10/15/2025,M25-0651,10/15/2025,3:30-4:19,2315 Stockton Blvd,MSR - Suspicious Circumstances,Suspended. Pending Info,1.0
10/15/2025,M25-0652,10/15/2025,17:50,2249 48th St,Vehicle Collision,Closed. No further action,1.0
10/15/2025,M25-0653,10/15/25-10/16/25,21:30-0:38,2315 Stockton Blvd,MSR - Notice of Withdrawal from Property Issued,Closed. No further action,1.0
10/15/2025,OLN25-0305,10/2/25-10/5/25,18:00-12:00,2075 Jade St,Vandalism to a Vehicle,Suspended. No leads,3.0
10/15/2025,OLN25-0306,10/2/25-10/3/25,0:01-23:59,1580 Jade St,MSR - CSA Report: Allegation of Dating Violence,Closed. No further action,8.0
10/15/2025,OLN25-0307,9/25/25-10/14/25,0:01-23:59,584 Tercero Hall Cir,MSR - CSA Report: Allegation of Fondling Rape,Closed. No further action,10.0
10/15/2025,OLN25-0308,9/15/2025,11:11-11:46,1063 La Rue Rd,Theft of a Bicycle,Suspended. No leads,3.0
10/14/2025,C25-1302,10/14/2025,5:06,319 Orchard Park Dr,MSR - Medical Aid,Closed. No further action,1.0
10/14/2025,C25-1303,10/14/2025,10:46-13:03,250 W Quad,MSR - Notice of Withdrawal from Property Issued,Closed. No further action,1.0
10/14/2025,C25-1304,10/14/2025,9:30-11:30,271 N Quad,Stolen Vehicle - Other,Suspended. No leads,4.0
10/14/2025,C25-1305,10/12/2025,19:30-22:00,355 Bioletti Way,Theft from a Building,Suspended. No leads,4.0
10/14/2025,C25-1306,10/14/2025,16:10,400 Howard Way,Vehicle Collision,Closed. No further action,1.0
10/14/2025,C25-1307,10/14/2025,18:45,505 Hutchison Dr,Theft from a Building,Suspended. No leads,4.0
10/14/2025,C25-1308,10/14/2025,16:10,505 Hutchison Dr,Theft from a Building,Closed. Prosecution declined,4.0
10/14/2025,C25-1309,UNK,UNK,UNKNOWN,UNKNOWN,UNKNOWN,
10/14/2025,M25-0646,10/14/2025,2:51-3:22,2315 Stockton Blvd,Simple Assault,Closed. Prosecution declined,6.0
10/14/2025,M25-0647,10/14/2025,1:15,2315 Stockton Blvd,Simple Assault,Closed. Prosecution declined,6.0
10/14/2025,M25-0648,10/14/2025,6:43-11:00,4870 Y St,Possess Controlled Substance/Possess with more than 2 priors,Cleared by arrest,6.0
10/14/2025,M25-0649,10/14/2025,13:00,2315 Stockton Blvd,Possess Controlled Substance,Closed. Prosecution declined,5.0
10/14/2025,M25-0650,10/14/2025,18:15-18:59,4010 V St,Possess Controlled Substance,Closed. Refer to District Attorney,5.0
10/14/2025,OLN25-0304,4/16/25-7/24/25,0:01-23:59,2315 Stockton Blvd,MSR - CSA Report: Allegation of Stalking,Closed. No further action,7.0
10/13/2025,C25-1297,10/13/2025,10:30,550 Storer Mall,Vandalism w/ Anti-Other Christian Bias,Suspended. No leads,7.0
10/13/2025,C25-1298,10/13/2025,12:36,760 Orchard Rd,Bicycle Collision,Closed. No further action,1.0
10/13/2025,C25-1299,10/13/2025,12:11-13:04,462 Crocker Ln,MSR - Medical Aid,Closed. No further action,1.0
10/13/2025,C25-1300,10/6/25-10/13/25,15:00-15:00,675 Tercero Hall Dr,MSR - Suspicious Circumstances,Closed. No further action,1.0
10/13/2025,C25-1301,10/13/2025,18:40-22:35,100 W Quad Bikeway,MSR - Suspicious Circumstances-Unwanted touching: Fondling Suspicious Circumstance,Closed. No further action,8.0
10/13/2025,M25-0644,10/13/2025,2:54,2315 Stockton Blvd,Possess Paraphernalia,Closed. Prosecution declined,5.0
10/13/2025,M25-0645,10/13/2025,17:30,2315 Stockton Blvd,MSR - Medical Aid,Closed. No further action,1.0
10/13/2025,OLN25-0298,9/25/25-10/08/25,0:01-23:59,565 Oxford Cir,MSR - CSA Report: Allegation of Stalking,Closed. No further action,7.0
10/13/2025,OLN25-0301,10/6/2025,21:15,237 Tercero Hall,MSR - CSA Report: Allegation of Fondling,Closed. No further action,9.0
10/13/2025,OLN25-0302,10/5/25-10/11/25,0:01-23:59,100 N Quad,MSR - CSA Report: Allegation of Stalking,Closed. No further action,7.0
10/13/2025,OLN25-0303,10/10/25-10/11/25,22:50-1:30,1059 La Rue Rd,Theft from a Building,Suspended. No leads,4.0
10/12/2025,C25-1289,10/12/2025,0:05,La Rue Rd/Orchard Rd,DUI - Alcohol Bicycle/Fail to stop at Stop Sign,Closed. Refer to District Attorney,6.0
10/12/2025,C25-1290,10/12/2025,1:29,565 Oxford Cir,MSR - Alcohol Poisoning,Closed. No further action,1.0
10/12/2025,C25-1291,10/12/2025,0:00-11:00,565 Oxford Cir,Vandalism/Stolen Vehicle,Suspended. No leads,4.0
10/12/2025,C25-1292,10/12/2025,12:35-13:05,1743 Hutchison Dr,MSR - Assist Fire Department,Closed. No further action,1.0
10/12/2025,C25-1293,10/12/2025,14:00-17:40,100 W Quad,Stolen Vehicle - Other,Suspended. No leads,4.0
10/12/2025,C25-1294,10/12/2025,7:25-18:45,1046 La Rue Rd,Stolen Vehicle - Other,Suspended. No leads,4.0
10/12/2025,C25-1295,10/12/2025,18:00-20:30,197 W Quad,Stolen Vehicle - Other,Suspended. No leads,4.0
10/12/2025,C25-1296,10/12/2025,20:28,2000 Sutter Pl,Vehicle Collision,Closed. No further action,1.0
10/12/2025,M25-0642,10/12/2025,4:32,2315 Stockton Blvd,MSR - Marijuana seized for destruction,Closed. No further action,1.0
10/12/2025,M25-0643,10/12/2025,20:11-21:16,2315 Stockton Blvd,MSR - Assist Another Agency,Closed. No further action,1.0
10/11/2025,C25-1284,10/11/2025,04:26-06:13,184 Horizon St,Driving Under the Influence,Cleared by arrest,6.0
10/11/2025,C25-1285,10/11/2025,11:30-11:45,577 Sprocket Bikeway,Stolen Vehicle - Other,Suspended. No leads,4.0
10/11/2025,C25-1286,10/10/25-10/11/25,20:00-12:30,565 Oxford Cir,Stolen Vehicle - Other,Suspended. No leads,4.0
10/11/2025,C25-1287,10/10/25-10/11/25,20:00-14:10,1063 La Rue Rd,Stolen Vehicle - Other,Suspended. No leads,4.0
10/11/2025,C25-1288,UNKNOWN,UNKNOWN,864 La Rue Rd,UNKNOWN,UNKNOWN,
10/11/2025,M25-0641,10/11/2025,12:00-16:45,4610 X St,Stolen Vehicle - Other,Suspended. No leads,4.0
10/11/2025,OLN25-0300,10/10/2025,09:00-18:00,100 W Quad Bikeway,Theft of a Bicycle,Suspended. No leads,3.0
10/10/2025,C25-1279,10/10/2025,15:14,175 E Quad,Bicycle Collision,Closed. No further action,1.0
10/10/2025,C25-1280,10/10/2025,16:50-16:55,1079 La Rue Rd,Theft All Other,Suspended. No leads,4.0
10/10/2025,C25-1281,10/10/2025,22:03-22:53,400 Howard Way,Open Container/Minor in Possession of Alcohol/Open Container while driving,Cleared. Subjects cited,5.0
10/10/2025,C25-1282,10/10/2025,23:02-23:14,1019 La Rue Rd,MSR-Alcohol Poisoning,Closed. No further action,1.0
10/10/2025,C25-1283,10/10/2025,14:00,250 W Quad,Stolen Vehicle - Other,Suspended. No leads,4.0
10/10/2025,M25-0638,10/10/2025,04:49-04:56,2315 Stockton Blvd,MSR-Narcotics for destruction,Closed. No further action,1.0
10/10/2025,M25-0639,10/10/2025,19:27-20:03,2315 Stockton Blvd,MSR-Assist Hospital,Closed. No further action,1.0
10/10/2025,M25-0640,10/10/2025,21:03-21:15,2300 Stockton Blvd,P:ossess Controlled Substance/Priors/Warrants,Cleared by arrest,6.0
10/10/2025,OLN25-0299,10/08/25-10/10/25,14:00-09:00,631 Hilgard Ln,Vandalism,Suspended. No leads,3.0
10/9/2025,C25-1273,10/9/2025,10:35,250 W Quad,MSR - Notice of Withdrawal from Property Issued,Closed. No further action,1.0
10/9/2025,C25-1274,10/8/25-10/9/25,14:14-9:45,250 E Quad,Burglary,Suspended. No leads,5.0
10/9/2025,C25-1275,10/9/2025,16:00-18:00,350 N Quad,Stolen Vehicle - Other,Suspended. No leads,4.0
10/9/2025,C25-1276,10/7/25-10/9/25,18:15-19:18,Blue Ridge Rd/Orchard Park,Stolen Vehicle - Other,Suspended. No leads,4.0
10/9/2025,C25-1277,10/9/2025,20:02,1655 Hutchison Pl,MSR - Assist Citizen,Closed. No further action,1.0
10/9/2025,C25-1278,10/9/2025,20:15-22:00,468 Hutchison Dr,Stolen Vehicle - Other,Suspended. No leads,4.0
10/9/2025,M25-0634,10/9/2025,9:54,2315 Stockton Blvd,MSR - Marijuana seized for destruction,Closed. No further action,1.0
10/9/2025,M25-0635,10/9/2025,12:11,4868 X St,Vehicle Collision,Closed. No further action,1.0
10/9/2025,M25-0636,10/1/2025,15:00,3301 C St,MSR - Suspicious Circumstances,Closed. No further action,1.0
10/9/2025,M25-0637,10/9/2025,7:29-18:53,4251 X St,Vandalism to Vehicle,Suspended. No leads,3.0
10/9/2025,OLN25-0297,09/22/25-10/4/25,0:01-23:59,One Shields Ave,MSR - CSA Report: Allegations of Stalking,Closed. No further action,7.0
10/8/2025,C25-1265,10/8/2025,9:36-10:15,250 W Quad,MSR - Welfare Check,Closed. No further action,1.0
10/8/2025,C25-1266,10/8/2025,11:12-12:03,5001 Orchard Park Cir,MSR - Welfare Check,Closed. No further action,1.0
10/8/2025,C25-1267,9/15/25-10/1/25,13:00-9:15,530 Alumni Ln,Theft from a Building,Suspended. No leads,4.0
10/8/2025,C25-1268,10/8/2025,12:00-15:30,200 California Ave,Stolen Vehicle - Other,Suspended. No leads,4.0
10/8/2025,C25-1269,10/8/2025,13:30-15:30,200 California Ave,Stolen Vehicle - Other,Suspended. No leads,4.0
10/8/2025,C25-1270,10/8/2025,16:40-17:32,268 1st St,MSR - Notice of Withdrawal from Property Issued,Closed. No further action,1.0
10/8/2025,C25-1271,10/8/2025,16:40-18:00,197 W Quad,Stolen Vehicle - Other,Suspended. No leads,4.0
10/8/2025,C25-1272,10/8/2025,22:16,2231 Jade St,Bicycle Collision,Closed. No further action,1.0
10/8/2025,M25-0629,10/8/2025,2:46,2315 Stockton Blvd,MSR - Suspicious Circumstances,Closed. No further action,1.0
10/8/2025,M25-0630,10/8/2025,4:00-4:44,2315 Stockton Blvd,Theft from a Building,Suspended. No leads,4.0
10/8/2025,M25-0631,10/8/2025,6:47-7:00,2315 Stockton Blvd,Simple Assault,Closed. Prosecution declined,6.0
10/8/2025,M25-0632,10/8/2025,17:34,X St/45th St,Vehicle Collision,Closed. No further action,1.0
10/8/2025,M25-0633,10/8/2025,22:49-23:10,2315 Stockton Blvd,Simple Assault,Closed. Prosecution declined,6.0
10/8/2025,OLN25-0287,10/1/25-10/2/25,14:00-6:00,415 Sprocket Bikeway,Theft from a Building/Vandalism,Suspended. No leads,4.0
10/8/2025,OLN25-0288,,,,CASE NUMBER PULLED IN ERROR,,
10/8/2025,OLN25-0289,10/3/25-10/6/25,10:00-10:00,301 Shields Ave,Theft of a Bicycle,Suspended. No leads,3.0
10/8/2025,OLN25-0290,9/22/25-10/3/25,0:01-23:59,622 Tercero Hall Dr,MSR - CSA Report: Allegations of Stalking & Fondling,Closed. No further action,9.0
10/8/2025,OLN25-0291,10/6/2025,13:40-16:00,271 N Quad,Theft of a Bicycle,Suspended. No leads,3.0
10/8/2025,OLN25-0292,10/6/25-10/7/25,22:00-10:30,5006 Orchard Park Cir,Theft of a Bicycle,Suspended. No leads,3.0
10/8/2025,OLN25-0293,9/29/25-9/30/25,19:00-13:00,515 Regan Hall Cir,Theft of a Bicycle,Suspended. No leads,3.0
10/8/2025,OLN25-0294,10/3/25-10/4/25,17:00-15:00,376 Dairy Rd,Theft of a Bicycle,Suspended. No leads,3.0
10/8/2025,OLN25-0295,10/7/25-10/8/25,20:30-15:43,585 Regan Cir,Theft of a Bicycle,Suspended. No leads,3.0
10/8/2025,OLN25-0296,10/7/25-10/8/25,20:00-8:37,Orchard Park Cir,Theft of a Bicycle,Suspended. No leads,3.0
10/7/2025,C25-1262,10/7/2025,14:49,400 Howard Way,Vehicle Collision,Closed. No further action,1.0
10/7/2025,C25-1263,10/7/2025,14:10-15:52,200 E Arboretum Dr,Theft of a Bicycle,Suspended. No leads,3.0
10/7/2025,C25-1264,10/7/2025,15:00-15:45,300 Howard Way,Stolen Vehicle - Other,Suspended. No leads,4.0
10/7/2025,M25-0628,10/7/2025,23:21,4422 Y Street,MSR - Notice of Withdrawal from Property Issued,Closed. No further action,1.0
10/6/2025,C25-1253,10/6/2025,0:00-1:00,298 Celedon St,Simple Assault - Dating Violence,Open/Active,6.0
10/6/2025,C25-1254,10/5/2025,20:00,565 Oxford Cir,MSR - Welfare Check,Closed. No further action,1.0
10/6/2025,C25-1255,10/6/2025,12:05,399 Crocker Ln,MSR - Notice of Withdrawal from Property Issued,Closed. No further action,1.0
10/6/2025,C25-1256,10/6/2025,13:07,Bioletti Way/Tercero Hall Cir,Bicycle Collision,Closed. No further action,1.0
10/6/2025,C25-1257,10/6/2025,15:35,400 Orchard Park Dr,Vehicle Collision,Closed. No further action,1.0
10/6/2025,C25-1258,UNKNOWN 10/06/25,UNK 18:00-19:55,UNKOWN 250 E Quad,UNKNOWN Theft of a Bicycle,UNKNOWN Suspended. No leads,3.0
10/6/2025,C25-1259,10/6/25-10/7/25,21:00,457 Hutchison Dr,Allegations of Fondling Touch someone against their will-Fondling,Open/Active,9.0
10/6/2025,C25-1260,UNKNOWN 10/02/25-10/04/25,UNK 00:00-16:00,UNKOWN 225 E Quad,UNKNOWN Theft from a Building,UNKNOWN Suspended. No leads,4.0
10/6/2025,C25-1261,10/6/25-10/7/25,23:24-0:00,301 Celadon St,MSR - Welfare Check,Closed. No further action,1.0
10/6/2025,M25-0621,10/6/2025,6:29,4200 V St,MSR - Weapons Collected for Destruction,Closed. No further action,1.0
10/6/2025,M25-0622,10/6/2025,11:00,2315 Stockton Blvd,MSR - Welfare Check,Closed. No further action,1.0
10/6/2025,M25-0623,10/6/2025,14:24,2315 Stockton Blvd,MSR - Marijuana seized for destruction,Closed. No further action,1.0
10/6/2025,M25-0624,10/6/2025,0:00,1651 Alhambra Blvd,Theft from a Building/Burglary,Suspended. No leads,4.0
10/6/2025,M25-0625,10/6/2025,14:40-17:04,Stockton Blvd/35 St,False ID/Drive w/o License,Open/Active,5.0
10/6/2025,M25-0626,10/6/2025,17:19,4251 X St,Vehicle Collision,Closed. No further action,1.0
10/6/2025,M25-0627,10/6/25-10/7/25,23:48-0:00,4501 X St,MSR - Notice of Withdrawal from Property Issued,Closed. No further action,1.0
10/5/2025,C25-1247,10/5/2025,1:15-2:11,1079 La Rue Rd,MSR - Alcohol Poisoning,Closed. No further action,1.0
10/5/2025,C25-1248,10/5/2025,1:50,1079 La Rue Rd,MSR - Alcohol Poisoning,Closed. No further action,1.0
10/5/2025,C25-1249,10/5/2025,9:57,Bee Biology Dr/Hopkins,Bicycle Collision,Closed. No further action,1.0
10/5/2025,C25-1250,10/5/2025,14:50,Orchard Park Dr/Orchard Rd,Bicycle Collision,Closed. No further action,1.0
10/5/2025,C25-1251,10/4/25-10/5/25,12:00-12:30,637 La Rue Rd,Stolen Vehicle - Other,Suspended. No leads,4.0
10/5/2025,C25-1252,10/5/2025,21:12,1081 La Rue Rd,Vehicle Collision,Closed. No further action,1.0
10/5/2025,M25-0619,10/5/2025,21:00,2315 Stockton Blvd,MSR - Marijuana seized for destruction,Closed. No further action,1.0
10/5/2025,M25-0620,10/5/25-10/6/25,22:06-0:39,2315 Stockton Blvd,MSR - Assist Hospital Staff,Closed. No further action,1.0
